date,department,category,amount
2024-01-01,Продажи,Аренда,-44
2024-01-01,Маркетинг,Продажа продуктов,0
2024-01-01,IT,Аренда,0
2024-01-01,Операции,Продажа продуктов,51
2024-01-02,Продажи,Услуги,70
2024-01-02,Маркетинг,Продажа продуктов,138
2024-01-02,IT,Услуги,64
2024-01-02,Операции,Продажа продуктов,157
2024-01-03,Продажи,Продажа продуктов,100
2024-01-03,Маркетинг,Зарплата,-33
2024-01-03,IT,Услуги,0
2024-01-03,Операции,Реклама,0
2024-01-04,Продажи,Реклама,-64
2024-01-04,Маркетинг,Зарплата,-35
2024-01-04,IT,Продажа продуктов,195
2024-01-04,Операции,Услуги,63
2024-01-05,Продажи,Зарплата,-116
2024-01-05,Маркетинг,Продажа продуктов,131
2024-01-05,IT,Продажа продуктов,173
2024-01-05,Операции,Аренда,0
2024-01-06,Продажи,Аренда,-137
2024-01-06,Маркетинг,Реклама,-110
2024-01-06,IT,Продажа продуктов,54
2024-01-06,Операции,Услуги,184
2024-01-07,Продажи,Аренда,-77
2024-01-07,Маркетинг,Продажа продуктов,148
2024-01-07,IT,Реклама,-94
2024-01-07,Операции,Продажа продуктов,50
2024-01-08,Продажи,Зарплата,0
2024-01-08,Маркетинг,Услуги,91
2024-01-08,IT,Реклама,-142
2024-01-08,Операции,Услуги,192
2024-01-09,Продажи,Реклама,-88
2024-01-09,Маркетинг,Услуги,94
2024-01-09,IT,Зарплата,-91
2024-01-09,Операции,Услуги,178
2024-01-10,Продажи,Аренда,-134
2024-01-10,Маркетинг,Реклама,-38
2024-01-10,IT,Услуги,108
2024-01-10,Операции,Продажа продуктов,0
2024-01-11,Продажи,Зарплата,-68
2024-01-11,Маркетинг,Аренда,0
2024-01-11,IT,Услуги,0
2024-01-11,Операции,Аренда,-48
2024-01-12,Продажи,Услуги,0
2024-01-12,Маркетинг,Аренда,-67
2024-01-12,IT,Услуги,188
2024-01-12,Операции,Продажа продуктов,173
2024-01-13,Продажи,Продажа продуктов,197
2024-01-13,Маркетинг,Зарплата,-96
2024-01-13,IT,Реклама,-81
2024-01-13,Операции,Реклама,-111
2024-01-14,Продажи,Продажа продуктов,91
2024-01-14,Маркетинг,Услуги,161
2024-01-14,IT,Услуги,0
2024-01-14,Операции,Продажа продуктов,58
2024-01-15,Продажи,Услуги,180
2024-01-15,Маркетинг,Аренда,-53
2024-01-15,IT,Услуги,153
2024-01-15,Операции,Зарплата,-118
2024-01-16,Продажи,Зарплата,-111
2024-01-16,Маркетинг,Аренда,0
2024-01-16,IT,Зарплата,0
2024-01-16,Операции,Реклама,-96
2024-01-17,Продажи,Услуги,164
2024-01-17,Маркетинг,Зарплата,-67
2024-01-17,IT,Реклама,-56
2024-01-17,Операции,Услуги,160
2024-01-18,Продажи,Аренда,-77
2024-01-18,Маркетинг,Аренда,-46
2024-01-18,IT,Зарплата,-146
2024-01-18,Операции,Продажа продуктов,73
2024-01-19,Продажи,Продажа продуктов,148
2024-01-19,Маркетинг,Аренда,0
2024-01-19,IT,Реклама,-47
2024-01-19,Операции,Услуги,116
2024-01-20,Продажи,Реклама,-115
2024-01-20,Маркетинг,Зарплата,-31
2024-01-20,IT,Продажа продуктов,92
2024-01-20,Операции,Услуги,75
2024-01-21,Продажи,Продажа продуктов,109
2024-01-21,Маркетинг,Продажа продуктов,69
2024-01-21,IT,Услуги,191
2024-01-21,Операции,Зарплата,-95
2024-01-22,Продажи,Продажа продуктов,112
2024-01-22,Маркетинг,Услуги,135
2024-01-22,IT,Реклама,-83
2024-01-22,Операции,Аренда,-89
2024-01-23,Продажи,Услуги,0
2024-01-23,Маркетинг,Продажа продуктов,148
2024-01-23,IT,Продажа продуктов,163
2024-01-23,Операции,Аренда,-149
2024-01-24,Продажи,Реклама,0
2024-01-24,Маркетинг,Продажа продуктов,176
2024-01-24,IT,Зарплата,-30
2024-01-24,Операции,Зарплата,0
2024-01-25,Продажи,Продажа продуктов,65
2024-01-25,Маркетинг,Продажа продуктов,71
2024-01-25,IT,Зарплата,0
2024-01-25,Операции,Аренда,0
2024-01-26,Продажи,Зарплата,-139
2024-01-26,Маркетинг,Зарплата,-119
2024-01-26,IT,Аренда,-123
2024-01-26,Операции,Зарплата,-98
2024-01-27,Продажи,Зарплата,-48
2024-01-27,Маркетинг,Продажа продуктов,53
2024-01-27,IT,Услуги,177
2024-01-27,Операции,Услуги,0
2024-01-28,Продажи,Продажа продуктов,150
2024-01-28,Маркетинг,Услуги,123
2024-01-28,IT,Реклама,0
2024-01-28,Операции,Реклама,0
2024-01-29,Продажи,Зарплата,0
2024-01-29,Маркетинг,Продажа продуктов,0
2024-01-29,IT,Продажа продуктов,124
2024-01-29,Операции,Продажа продуктов,187
2024-01-30,Продажи,Продажа продуктов,148
2024-01-30,Маркетинг,Реклама,-125
2024-01-30,IT,Продажа продуктов,61
2024-01-30,Операции,Продажа продуктов,0
2024-01-31,Продажи,Услуги,133
2024-01-31,Маркетинг,Реклама,-48
2024-01-31,IT,Аренда,0
2024-01-31,Операции,Зарплата,-124
2024-02-01,Продажи,Продажа продуктов,193
2024-02-01,Маркетинг,Аренда,-81
2024-02-01,IT,Продажа продуктов,193
2024-02-01,Операции,Зарплата,0
2024-02-02,Продажи,Продажа продуктов,0
2024-02-02,Маркетинг,Зарплата,-87
2024-02-02,Операции,Зарплата,-56
2024-02-03,Продажи,Аренда,-67
2024-02-03,Маркетинг,Аренда,-115
2024-02-03,IT,Продажа продуктов,94
2024-02-04,Продажи,Продажа продуктов,139
2024-02-04,Маркетинг,Аренда,-42
2024-02-04,IT,Услуги,110
2024-02-04,Операции,Продажа продуктов,141
2024-02-05,Продажи,Аренда,-54
2024-02-05,Маркетинг,Зарплата,0
2024-02-05,IT,Продажа продуктов,96
2024-02-05,Операции,Продажа продуктов,196
2024-02-06,Продажи,Продажа продуктов,98
2024-02-06,Маркетинг,Аренда,-83
2024-02-06,IT,Продажа продуктов,61
2024-02-06,Операции,Зарплата,0
2024-02-07,Продажи,Зарплата,-121
2024-02-07,Маркетинг,Зарплата,0
2024-02-07,IT,Услуги,194
2024-02-07,Операции,Аренда,-121
2024-02-08,Маркетинг,Продажа продуктов,59
2024-02-08,IT,Продажа продуктов,0
2024-02-08,Операции,Аренда,-47
2024-02-09,Продажи,Аренда,-55
2024-02-09,Маркетинг,Продажа продуктов,0
2024-02-09,IT,Аренда,0
2024-02-09,Операции,Продажа продуктов,144
2024-02-10,Продажи,Продажа продуктов,102
2024-02-10,Маркетинг,Продажа продуктов,134
2024-02-10,Операции,Аренда,-133
2024-02-11,IT,Продажа продуктов,106
2024-02-12,Продажи,Продажа продуктов,0
2024-02-12,Маркетинг,Зарплата,-79
2024-02-12,Операции,Зарплата,-126
2024-02-13,Маркетинг,Услуги,187
2024-02-13,IT,Аренда,-63
2024-02-13,Операции,Зарплата,-136
2024-02-14,Маркетинг,Зарплата,-45
2024-02-14,IT,Аренда,-96
2024-02-14,Операции,Услуги,0
2024-02-15,Продажи,Аренда,-111
2024-02-15,Маркетинг,Аренда,0
2024-02-15,IT,Зарплата,-75
2024-02-15,Операции,Продажа продуктов,0
2024-02-16,Продажи,Зарплата,-140
2024-02-16,Маркетинг,Аренда,-110
2024-02-16,IT,Продажа продуктов,0
2024-02-17,Продажи,Продажа продуктов,127
2024-02-17,Маркетинг,Услуги,0
2024-02-17,IT,Продажа продуктов,156
2024-02-17,Операции,Зарплата,-67
2024-02-18,Продажи,Аренда,-148
2024-02-18,Маркетинг,Аренда,-46
2024-02-18,IT,Аренда,-46
2024-02-18,Операции,Зарплата,-96
2024-02-19,Маркетинг,Продажа продуктов,132
2024-02-19,IT,Зарплата,-93
2024-02-19,Операции,Аренда,-99
2024-02-20,Продажи,Зарплата,0
2024-02-20,Маркетинг,Зарплата,0
2024-02-20,IT,Услуги,104
2024-02-21,Продажи,Услуги,115
2024-02-21,Маркетинг,Продажа продуктов,183
2024-02-21,IT,Зарплата,-80
2024-02-21,Операции,Продажа продуктов,185
2024-02-22,Продажи,Продажа продуктов,119
2024-02-22,Маркетинг,Услуги,69
2024-02-22,IT,Зарплата,-43
2024-02-22,Операции,Продажа продуктов,149
2024-02-23,Продажи,Услуги,59
2024-02-23,Маркетинг,Услуги,62
2024-02-24,Продажи,Продажа продуктов,98
2024-02-24,Маркетинг,Услуги,127
2024-02-24,IT,Услуги,125
2024-02-24,Операции,Услуги,0
2024-02-25,Продажи,Продажа продуктов,154
2024-02-25,Маркетинг,Продажа продуктов,54
2024-02-25,IT,Услуги,181
2024-02-25,Операции,Услуги,89
2024-02-26,Продажи,Услуги,174
2024-02-26,Маркетинг,Продажа продуктов,194
2024-02-26,IT,Зарплата,-82
2024-02-26,Операции,Продажа продуктов,183
2024-02-27,Продажи,Услуги,64
2024-02-27,Маркетинг,Зарплата,-132
2024-02-27,IT,Продажа продуктов,146
2024-02-27,Операции,Продажа продуктов,135
2024-02-28,Продажи,Зарплата,0
2024-02-28,Маркетинг,Продажа продуктов,0
2024-02-28,IT,Аренда,0
2024-02-28,Операции,Аренда,0
2024-02-29,Продажи,Услуги,85
2024-02-29,Маркетинг,Услуги,60
2024-02-29,IT,Зарплата,-101
2024-03-01,Продажи,Зарплата,-118
2024-03-01,Маркетинг,Продажа продуктов,149
2024-03-01,IT,Продажа продуктов,121
2024-03-01,Операции,Продажа продуктов,0
2024-03-02,Продажи,Зарплата,-69
2024-03-02,Маркетинг,Продажа продуктов,95
2024-03-02,IT,Зарплата,-116
2024-03-02,Операции,Продажа продуктов,164
2024-03-03,Продажи,Аренда,-82
2024-03-03,Маркетинг,Продажа продуктов,84
2024-03-03,IT,Продажа продуктов,87
2024-03-03,Операции,Зарплата,-120
2024-03-04,Продажи,Реклама,-80
2024-03-04,Маркетинг,Услуги,137
2024-03-04,IT,Продажа продуктов,199
2024-03-04,Операции,Аренда,-100
2024-03-05,Продажи,Зарплата,0
2024-03-05,Маркетинг,Продажа продуктов,120
2024-03-05,IT,Реклама,-80
2024-03-05,Операции,Услуги,78
2024-03-06,Продажи,Реклама,-47
2024-03-06,Маркетинг,Услуги,162
2024-03-06,IT,Продажа продуктов,0
2024-03-06,Операции,Продажа продуктов,180
2024-03-07,Продажи,Зарплата,-63
2024-03-07,Маркетинг,Зарплата,-36
2024-03-07,IT,Реклама,-96
2024-03-07,Операции,Продажа продуктов,0
2024-03-08,Продажи,Продажа продуктов,100
2024-03-08,Маркетинг,Зарплата,-64
2024-03-08,IT,Услуги,95
2024-03-08,Операции,Аренда,-83
2024-03-09,Продажи,Зарплата,-36
2024-03-09,Маркетинг,Продажа продуктов,0
2024-03-09,IT,Продажа продуктов,131
2024-03-09,Операции,Услуги,60
2024-03-10,Продажи,Реклама,-148
2024-03-10,Маркетинг,Услуги,186
2024-03-10,IT,Зарплата,-115
2024-03-10,Операции,Зарплата,-149
2024-03-11,Продажи,Аренда,0
2024-03-11,Маркетинг,Зарплата,-138
2024-03-11,IT,Зарплата,-136
2024-03-11,Операции,Аренда,-138
2024-03-12,Продажи,Услуги,195
2024-03-12,Маркетинг,Продажа продуктов,83
2024-03-12,IT,Услуги,125
2024-03-12,Операции,Аренда,-56
2024-03-13,Продажи,Услуги,147
2024-03-13,Маркетинг,Продажа продуктов,187
2024-03-13,IT,Зарплата,0
2024-03-13,Операции,Реклама,0
2024-03-14,Продажи,Услуги,78
2024-03-14,Маркетинг,Аренда,-88
2024-03-14,IT,Услуги,104
2024-03-14,Операции,Продажа продуктов,105
2024-03-15,Продажи,Реклама,-128
2024-03-15,Маркетинг,Продажа продуктов,0
2024-03-15,IT,Услуги,0
2024-03-15,Операции,Продажа продуктов,110
2024-03-16,Продажи,Реклама,-64
2024-03-16,Маркетинг,Услуги,151
2024-03-16,IT,Реклама,0
2024-03-16,Операции,Продажа продуктов,0
2024-03-17,Продажи,Продажа продуктов,57
2024-03-17,Маркетинг,Продажа продуктов,167
2024-03-17,IT,Услуги,138
2024-03-17,Операции,Продажа продуктов,158
2024-03-18,Продажи,Реклама,0
2024-03-18,Маркетинг,Услуги,0
2024-03-18,IT,Продажа продуктов,164
2024-03-18,Операции,Продажа продуктов,131
2024-03-19,Продажи,Реклама,-47
2024-03-19,Маркетинг,Услуги,0
2024-03-19,IT,Аренда,-72
2024-03-19,Операции,Услуги,88
2024-03-20,Продажи,Продажа продуктов,190
2024-03-20,Маркетинг,Услуги,157
2024-03-20,IT,Зарплата,0
2024-03-20,Операции,Продажа продуктов,67
2024-03-21,Продажи,Продажа продуктов,95
2024-03-21,Маркетинг,Продажа продуктов,111
2024-03-21,IT,Услуги,170
2024-03-21,Операции,Реклама,-113
2024-03-22,Продажи,Реклама,-74
2024-03-22,Маркетинг,Зарплата,-91
2024-03-22,IT,Аренда,0
2024-03-22,Операции,Аренда,0
2024-03-23,Продажи,Продажа продуктов,110
2024-03-23,Маркетинг,Продажа продуктов,112
2024-03-23,IT,Аренда,0
2024-03-23,Операции,Продажа продуктов,121
2024-03-24,Продажи,Продажа продуктов,159
2024-03-24,Маркетинг,Зарплата,0
2024-03-24,IT,Услуги,0
2024-03-24,Операции,Продажа продуктов,58
2024-03-25,Продажи,Продажа продуктов,172
2024-03-25,Маркетинг,Услуги,0
2024-03-25,IT,Услуги,62
2024-03-25,Операции,Продажа продуктов,117
2024-03-26,Продажи,Аренда,-85
2024-03-26,Маркетинг,Аренда,-96
2024-03-26,IT,Продажа продуктов,89
2024-03-26,Операции,Услуги,173
2024-03-27,Продажи,Аренда,-77
2024-03-27,Маркетинг,Аренда,0
2024-03-27,IT,Услуги,94
2024-03-27,Операции,Услуги,116
2024-03-28,Продажи,Продажа продуктов,82
2024-03-28,Маркетинг,Услуги,141
2024-03-28,IT,Продажа продуктов,62
2024-03-28,Операции,Услуги,149
2024-03-29,Продажи,Продажа продуктов,182
2024-03-29,Маркетинг,Продажа продуктов,80
2024-03-29,IT,Реклама,-82
2024-03-29,Операции,Зарплата,-107
2024-03-30,Продажи,Зарплата,0
2024-03-30,Маркетинг,Аренда,0
2024-03-30,IT,Аренда,0
2024-03-30,Операции,Реклама,-103
2024-03-31,Продажи,Услуги,0
2024-03-31,Маркетинг,Услуги,197
2024-03-31,IT,Реклама,-93
2024-03-31,Операции,Зарплата,-147
2024-04-01,Продажи,Продажа продуктов,99
2024-04-01,Маркетинг,Услуги,174
2024-04-01,IT,Аренда,-35
2024-04-01,Операции,Продажа продуктов,0
2024-04-02,Продажи,Зарплата,-58
2024-04-02,Маркетинг,Аренда,-68
2024-04-02,IT,Продажа продуктов,165
2024-04-02,Операции,Услуги,0
2024-04-03,Продажи,Услуги,141
2024-04-03,Маркетинг,Продажа продуктов,133
2024-04-03,IT,Реклама,-30
2024-04-03,Операции,Услуги,113
2024-04-04,Продажи,Услуги,64
2024-04-04,Маркетинг,Услуги,0
2024-04-04,IT,Реклама,-75
2024-04-04,Операции,Аренда,-93
2024-04-05,Продажи,Услуги,0
2024-04-05,Маркетинг,Зарплата,-107
2024-04-05,IT,Услуги,58
2024-04-05,Операции,Реклама,-115
2024-04-06,Продажи,Реклама,-93
2024-04-06,Маркетинг,Зарплата,-123
2024-04-06,IT,Реклама,-67
2024-04-06,Операции,Продажа продуктов,151
2024-04-07,Продажи,Продажа продуктов,0
2024-04-07,Маркетинг,Зарплата,0
2024-04-07,IT,Аренда,-103
2024-04-07,Операции,Продажа продуктов,51
2024-04-08,Продажи,Услуги,0
2024-04-08,Маркетинг,Зарплата,-67
2024-04-08,IT,Услуги,192
2024-04-08,Операции,Аренда,-133
2024-04-09,Продажи,Услуги,58
2024-04-09,Маркетинг,Аренда,-143
2024-04-09,IT,Услуги,111
2024-04-09,Операции,Продажа продуктов,56
2024-04-10,Продажи,Услуги,107
2024-04-10,Маркетинг,Реклама,0
2024-04-10,IT,Зарплата,-147
2024-04-10,Операции,Продажа продуктов,94
2024-04-11,Продажи,Зарплата,-129
2024-04-11,Маркетинг,Продажа продуктов,81
2024-04-11,IT,Услуги,199
2024-04-11,Операции,Продажа продуктов,0
2024-04-12,Продажи,Аренда,-122
2024-04-12,Маркетинг,Реклама,0
2024-04-12,IT,Услуги,73
2024-04-12,Операции,Зарплата,-49
2024-04-13,Продажи,Продажа продуктов,145
2024-04-13,Маркетинг,Зарплата,-129
2024-04-13,IT,Услуги,88
2024-04-13,Операции,Услуги,174
2024-04-14,Продажи,Услуги,70
2024-04-14,Маркетинг,Зарплата,-116
2024-04-14,IT,Зарплата,-148
2024-04-14,Операции,Аренда,0
2024-04-15,Продажи,Зарплата,-149
2024-04-15,Маркетинг,Продажа продуктов,119
2024-04-15,IT,Зарплата,-64
2024-04-15,Операции,Аренда,-52
2024-04-16,Продажи,Реклама,0
2024-04-16,Маркетинг,Услуги,125
2024-04-16,IT,Реклама,-105
2024-04-16,Операции,Аренда,-136
2024-04-17,Продажи,Продажа продуктов,98
2024-04-17,Маркетинг,Услуги,160
2024-04-17,IT,Аренда,-49
2024-04-17,Операции,Реклама,-66
2024-04-18,Продажи,Реклама,-64
2024-04-18,Маркетинг,Продажа продуктов,0
2024-04-18,IT,Услуги,0
2024-04-18,Операции,Аренда,-86
2024-04-19,Продажи,Реклама,-79
2024-04-19,Маркетинг,Продажа продуктов,0
2024-04-19,IT,Зарплата,-135
2024-04-19,Операции,Аренда,-30
2024-04-20,Продажи,Зарплата,-34
2024-04-20,Маркетинг,Аренда,-84
2024-04-20,IT,Зарплата,-143
2024-04-20,Операции,Продажа продуктов,0
2024-04-21,Продажи,Услуги,82
2024-04-21,Маркетинг,Услуги,102
2024-04-21,IT,Услуги,112
2024-04-21,Операции,Аренда,0
2024-04-22,Продажи,Реклама,-97
2024-04-22,Маркетинг,Услуги,151
2024-04-22,IT,Продажа продуктов,72
2024-04-22,Операции,Услуги,103
2024-04-23,Продажи,Аренда,-105
2024-04-23,Маркетинг,Продажа продуктов,109
2024-04-23,IT,Услуги,84
2024-04-23,Операции,Реклама,-101
2024-04-24,Продажи,Услуги,58
2024-04-24,Маркетинг,Услуги,166
2024-04-24,IT,Аренда,-127
2024-04-24,Операции,Реклама,-72
2024-04-25,Продажи,Услуги,157
2024-04-25,Маркетинг,Реклама,0
2024-04-25,IT,Услуги,192
2024-04-25,Операции,Продажа продуктов,117
2024-04-26,Продажи,Зарплата,-107
2024-04-26,Маркетинг,Зарплата,-56
2024-04-26,IT,Услуги,0
2024-04-26,Операции,Услуги,126
2024-04-27,Продажи,Реклама,-36
2024-04-27,Маркетинг,Аренда,-60
2024-04-27,IT,Зарплата,-90
2024-04-27,Операции,Услуги,167
2024-04-28,Продажи,Услуги,0
2024-04-28,Маркетинг,Зарплата,-147
2024-04-28,IT,Услуги,58
2024-04-28,Операции,Аренда,-71
2024-04-29,Продажи,Зарплата,-120
2024-04-29,Маркетинг,Реклама,-129
2024-04-29,IT,Услуги,196
2024-04-29,Операции,Зарплата,0
2024-04-30,Продажи,Услуги,168
2024-04-30,Маркетинг,Аренда,-44
2024-04-30,IT,Реклама,-39
2024-04-30,Операции,Продажа продуктов,51
2024-05-01,Продажи,Услуги,116
2024-05-01,Маркетинг,Аренда,0
2024-05-01,IT,Зарплата,-48
2024-05-01,Операции,Реклама,0
2024-05-02,Продажи,Аренда,0
2024-05-02,Маркетинг,Реклама,-99
2024-05-02,IT,Аренда,0
2024-05-02,Операции,Продажа продуктов,198
2024-05-03,Продажи,Продажа продуктов,93
2024-05-03,Маркетинг,Зарплата,-31
2024-05-03,IT,Продажа продуктов,84
2024-05-03,Операции,Зарплата,0
2024-05-04,Продажи,Продажа продуктов,80
2024-05-04,Маркетинг,Зарплата,-91
2024-05-04,IT,Услуги,194
2024-05-04,Операции,Продажа продуктов,193
2024-05-05,Продажи,Реклама,0
2024-05-05,Маркетинг,Услуги,157
2024-05-05,IT,Услуги,0
2024-05-05,Операции,Продажа продуктов,65
2024-05-06,Продажи,Аренда,0
2024-05-06,Маркетинг,Аренда,-95
2024-05-06,IT,Аренда,-102
2024-05-06,Операции,Услуги,0
2024-05-07,Продажи,Продажа продуктов,135
2024-05-07,Маркетинг,Реклама,0
2024-05-07,IT,Продажа продуктов,0
2024-05-07,Операции,Зарплата,-102
2024-05-08,Продажи,Реклама,-31
2024-05-08,Маркетинг,Услуги,59
2024-05-08,IT,Зарплата,-62
2024-05-08,Операции,Зарплата,-109
2024-05-09,Продажи,Реклама,-128
2024-05-09,Маркетинг,Аренда,0
2024-05-09,IT,Аренда,-108
2024-05-09,Операции,Услуги,177
2024-05-10,Продажи,Зарплата,-49
2024-05-10,Маркетинг,Зарплата,-61
2024-05-10,IT,Услуги,0
2024-05-10,Операции,Услуги,0
2024-05-11,Продажи,Продажа продуктов,105
2024-05-11,Маркетинг,Аренда,0
2024-05-11,IT,Услуги,0
2024-05-11,Операции,Продажа продуктов,53
2024-05-12,Продажи,Аренда,-132
2024-05-12,Маркетинг,Зарплата,-132
2024-05-12,IT,Продажа продуктов,111
2024-05-12,Операции,Реклама,-121
2024-05-13,Продажи,Аренда,-115
2024-05-13,Маркетинг,Зарплата,-120
2024-05-13,IT,Продажа продуктов,187
2024-05-13,Операции,Аренда,-94
2024-05-14,Продажи,Продажа продуктов,0
2024-05-14,Маркетинг,Аренда,-128
2024-05-14,IT,Продажа продуктов,101
2024-05-14,Операции,Зарплата,-97
2024-05-15,Продажи,Зарплата,-133
2024-05-15,Маркетинг,Продажа продуктов,91
2024-05-15,IT,Продажа продуктов,66
2024-05-15,Операции,Услуги,0
2024-05-16,Продажи,Зарплата,-87
2024-05-16,Маркетинг,Услуги,83
2024-05-16,IT,Аренда,-108
2024-05-16,Операции,Аренда,0
2024-05-17,Продажи,Продажа продуктов,0
2024-05-17,Маркетинг,Реклама,-72
2024-05-17,IT,Продажа продуктов,66
2024-05-17,Операции,Услуги,159
2024-05-18,Продажи,Продажа продуктов,184
2024-05-18,Маркетинг,Зарплата,-34
2024-05-18,IT,Услуги,113
2024-05-18,Операции,Аренда,-124
2024-05-19,Продажи,Аренда,-95
2024-05-19,Маркетинг,Зарплата,-97
2024-05-19,IT,Услуги,0
2024-05-19,Операции,Продажа продуктов,189
2024-05-20,Продажи,Аренда,-82
2024-05-20,Маркетинг,Услуги,0
2024-05-20,IT,Аренда,-69
2024-05-20,Операции,Реклама,-107
2024-05-21,Продажи,Услуги,81
2024-05-21,Маркетинг,Аренда,-128
2024-05-21,IT,Реклама,-142
2024-05-21,Операции,Продажа продуктов,190
2024-05-22,Продажи,Услуги,153
2024-05-22,Маркетинг,Реклама,-115
2024-05-22,IT,Аренда,0
2024-05-22,Операции,Реклама,-81
2024-05-23,Продажи,Реклама,-52
2024-05-23,Маркетинг,Продажа продуктов,146
2024-05-23,IT,Реклама,-52
2024-05-23,Операции,Продажа продуктов,74
2024-05-24,Продажи,Зарплата,0
2024-05-24,Маркетинг,Аренда,-32
2024-05-24,IT,Зарплата,-127
2024-05-24,Операции,Услуги,95
2024-05-25,Продажи,Аренда,-141
2024-05-25,Маркетинг,Услуги,139
2024-05-25,IT,Услуги,63
2024-05-25,Операции,Услуги,124
2024-05-26,Продажи,Услуги,105
2024-05-26,Маркетинг,Реклама,-33
2024-05-26,IT,Продажа продуктов,86
2024-05-26,Операции,Реклама,0
2024-05-27,Продажи,Аренда,0
2024-05-27,Маркетинг,Услуги,63
2024-05-27,IT,Зарплата,-84
2024-05-27,Операции,Зарплата,-59
2024-05-28,Продажи,Реклама,-78
2024-05-28,Маркетинг,Аренда,-105
2024-05-28,IT,Продажа продуктов,149
2024-05-28,Операции,Зарплата,-84
2024-05-29,Продажи,Реклама,0
2024-05-29,Маркетинг,Продажа продуктов,106
2024-05-29,IT,Продажа продуктов,53
2024-05-29,Операции,Реклама,-99
2024-05-30,Продажи,Продажа продуктов,186
2024-05-30,Маркетинг,Аренда,-39
2024-05-30,IT,Аренда,-123
2024-05-30,Операции,Аренда,-138
2024-05-31,Продажи,Реклама,-75
2024-05-31,Маркетинг,Аренда,-113
2024-05-31,IT,Аренда,0
2024-05-31,Операции,Реклама,-68
2024-06-01,Продажи,Аренда,-129
2024-06-01,Маркетинг,Аренда,-60
2024-06-01,IT,Аренда,-59
2024-06-01,Операции,Зарплата,-121
2024-06-02,Продажи,Зарплата,-149
2024-06-02,Маркетинг,Реклама,-135
2024-06-02,IT,Аренда,-74
2024-06-02,Операции,Зарплата,0
2024-06-03,Продажи,Продажа продуктов,0
2024-06-03,Маркетинг,Реклама,0
2024-06-03,IT,Продажа продуктов,169
2024-06-03,Операции,Услуги,70
2024-06-04,Продажи,Услуги,98
2024-06-04,Маркетинг,Услуги,189
2024-06-04,IT,Зарплата,-146
2024-06-04,Операции,Реклама,-115
2024-06-05,Продажи,Продажа продуктов,110
2024-06-05,Маркетинг,Продажа продуктов,135
2024-06-05,IT,Услуги,147
2024-06-05,Операции,Зарплата,-51
2024-06-06,Продажи,Услуги,193
2024-06-06,Маркетинг,Услуги,0
2024-06-06,IT,Услуги,108
2024-06-06,Операции,Реклама,-78
2024-06-07,Продажи,Зарплата,-97
2024-06-07,Маркетинг,Услуги,128
2024-06-07,IT,Продажа продуктов,174
2024-06-07,Операции,Услуги,0
2024-06-08,Продажи,Зарплата,-32
2024-06-08,Маркетинг,Услуги,55
2024-06-08,IT,Реклама,0
2024-06-08,Операции,Реклама,0
2024-06-09,Продажи,Аренда,-65
2024-06-09,Маркетинг,Аренда,0
2024-06-09,IT,Услуги,91
2024-06-09,Операции,Услуги,56
2024-06-10,Продажи,Реклама,0
2024-06-10,Маркетинг,Услуги,0
2024-06-10,IT,Реклама,-130
2024-06-10,Операции,Услуги,68
2024-06-11,Продажи,Услуги,168
2024-06-11,Маркетинг,Реклама,-146
2024-06-11,IT,Услуги,151
2024-06-11,Операции,Услуги,76
2024-06-12,Продажи,Аренда,-49
2024-06-12,Маркетинг,Аренда,0
2024-06-12,IT,Услуги,183
2024-06-12,Операции,Реклама,-95
2024-06-13,Продажи,Аренда,-117
2024-06-13,Маркетинг,Услуги,0
2024-06-13,IT,Услуги,83
2024-06-13,Операции,Зарплата,-104
2024-06-14,Продажи,Услуги,66
2024-06-14,Маркетинг,Реклама,-120
2024-06-14,IT,Зарплата,-95
2024-06-14,Операции,Реклама,0
2024-06-15,Продажи,Продажа продуктов,0
2024-06-15,Маркетинг,Зарплата,-54
2024-06-15,IT,Аренда,-128
2024-06-15,Операции,Зарплата,-129
2024-06-16,Продажи,Продажа продуктов,126
2024-06-16,Маркетинг,Услуги,140
2024-06-16,IT,Зарплата,-129
2024-06-16,Операции,Реклама,-59
2024-06-17,Продажи,Аренда,-54
2024-06-17,Маркетинг,Зарплата,0
2024-06-17,IT,Услуги,180
2024-06-17,Операции,Услуги,120
2024-06-18,Продажи,Услуги,168
2024-06-18,Маркетинг,Услуги,191
2024-06-18,IT,Аренда,0
2024-06-18,Операции,Услуги,138
2024-06-19,Продажи,Аренда,-88
2024-06-19,Маркетинг,Продажа продуктов,117
2024-06-19,IT,Продажа продуктов,159
2024-06-19,Операции,Продажа продуктов,65
2024-06-20,Продажи,Услуги,61
2024-06-20,Маркетинг,Услуги,0
2024-06-20,IT,Продажа продуктов,186
2024-06-20,Операции,Услуги,0
2024-06-21,Продажи,Услуги,125
2024-06-21,Маркетинг,Реклама,-134
2024-06-21,IT,Зарплата,-133
2024-06-21,Операции,Аренда,-58
2024-06-22,Продажи,Услуги,77
2024-06-22,Маркетинг,Продажа продуктов,135
2024-06-22,IT,Реклама,-84
2024-06-22,Операции,Зарплата,-35
2024-06-23,Продажи,Аренда,-41
2024-06-23,Маркетинг,Продажа продуктов,173
2024-06-23,IT,Аренда,-142
2024-06-23,Операции,Аренда,-113
2024-06-24,Продажи,Услуги,0
2024-06-24,Маркетинг,Реклама,0
2024-06-24,IT,Аренда,-146
2024-06-24,Операции,Продажа продуктов,103
2024-06-25,Продажи,Аренда,-78
2024-06-25,Маркетинг,Реклама,-88
2024-06-25,IT,Продажа продуктов,0
2024-06-25,Операции,Реклама,0
2024-06-26,Продажи,Реклама,-105
2024-06-26,Маркетинг,Продажа продуктов,61
2024-06-26,IT,Зарплата,-132
2024-06-26,Операции,Продажа продуктов,0
2024-06-27,Продажи,Продажа продуктов,133
2024-06-27,Маркетинг,Зарплата,-62
2024-06-27,IT,Реклама,-140
2024-06-27,Операции,Продажа продуктов,0
2024-06-28,Продажи,Реклама,-31
2024-06-28,Маркетинг,Услуги,100
2024-06-28,IT,Зарплата,-80
2024-06-28,Операции,Услуги,52
2024-06-29,Продажи,Зарплата,0
2024-06-29,Маркетинг,Услуги,0
2024-06-29,IT,Реклама,-136
2024-06-29,Операции,Услуги,0
2024-06-30,Продажи,Продажа продуктов,72
2024-06-30,Маркетинг,Аренда,-83
2024-06-30,IT,Аренда,-148
2024-06-30,Операции,Услуги,157
2024-07-01,Продажи,Услуги,128
2024-07-01,Маркетинг,Реклама,0
2024-07-01,IT,Зарплата,-129
2024-07-01,Операции,Услуги,0
2024-07-02,Продажи,Продажа продуктов,0
2024-07-02,Маркетинг,Зарплата,0
2024-07-02,IT,Реклама,-40
2024-07-02,Операции,Продажа продуктов,185
2024-07-03,Продажи,Зарплата,0
2024-07-03,Маркетинг,Зарплата,-98
2024-07-03,IT,Продажа продуктов,0
2024-07-03,Операции,Зарплата,-147
2024-07-04,Продажи,Реклама,-79
2024-07-04,Маркетинг,Аренда,0
2024-07-04,IT,Продажа продуктов,173
2024-07-04,Операции,Услуги,67
2024-07-05,Продажи,Продажа продуктов,108
2024-07-05,Маркетинг,Аренда,-125
2024-07-05,IT,Продажа продуктов,98
2024-07-05,Операции,Аренда,-116
2024-07-06,Продажи,Аренда,0
2024-07-06,Маркетинг,Продажа продуктов,70
2024-07-06,IT,Продажа продуктов,178
2024-07-06,Операции,Реклама,-42
2024-07-07,Продажи,Реклама,-46
2024-07-07,Маркетинг,Зарплата,-53
2024-07-07,IT,Аренда,0
2024-07-07,Операции,Зарплата,0
2024-07-08,Продажи,Услуги,60
2024-07-08,Маркетинг,Зарплата,-50
2024-07-08,IT,Продажа продуктов,69
2024-07-08,Операции,Зарплата,-46
2024-07-09,Продажи,Услуги,101
2024-07-09,Маркетинг,Услуги,151
2024-07-09,IT,Продажа продуктов,192
2024-07-09,Операции,Продажа продуктов,131
2024-07-10,Продажи,Продажа продуктов,53
2024-07-10,Маркетинг,Реклама,0
2024-07-10,IT,Аренда,-142
2024-07-10,Операции,Реклама,-67
2024-07-11,Продажи,Реклама,-139
2024-07-11,Маркетинг,Услуги,71
2024-07-11,IT,Услуги,0
2024-07-11,Операции,Зарплата,-70
2024-07-12,Продажи,Аренда,0
2024-07-12,Маркетинг,Услуги,75
2024-07-12,IT,Реклама,-96
2024-07-12,Операции,Продажа продуктов,0
2024-07-13,Продажи,Продажа продуктов,177
2024-07-13,Маркетинг,Продажа продуктов,153
2024-07-13,IT,Услуги,177
2024-07-13,Операции,Реклама,-128
2024-07-14,Продажи,Продажа продуктов,0
2024-07-14,Маркетинг,Зарплата,-45
2024-07-14,IT,Зарплата,-135
2024-07-14,Операции,Зарплата,-95
2024-07-15,Продажи,Продажа продуктов,83
2024-07-15,Маркетинг,Услуги,169
2024-07-15,IT,Продажа продуктов,102
2024-07-15,Операции,Услуги,62
2024-07-16,Продажи,Аренда,0
2024-07-16,Маркетинг,Продажа продуктов,81
2024-07-16,IT,Услуги,0
2024-07-16,Операции,Услуги,159
2024-07-17,Продажи,Услуги,79
2024-07-17,Маркетинг,Реклама,-37
2024-07-17,IT,Зарплата,0
2024-07-17,Операции,Продажа продуктов,154
2024-07-18,Продажи,Реклама,-142
2024-07-18,Маркетинг,Зарплата,-67
2024-07-18,IT,Услуги,183
2024-07-18,Операции,Продажа продуктов,188
2024-07-19,Продажи,Аренда,-56
2024-07-19,Маркетинг,Услуги,192
2024-07-19,IT,Зарплата,-141
2024-07-19,Операции,Продажа продуктов,109
2024-07-20,Продажи,Услуги,72
2024-07-20,Маркетинг,Продажа продуктов,73
2024-07-20,IT,Продажа продуктов,74
2024-07-20,Операции,Реклама,-112
2024-07-21,Продажи,Аренда,-147
2024-07-21,Маркетинг,Продажа продуктов,148
2024-07-21,IT,Зарплата,-128
2024-07-21,Операции,Аренда,-42
2024-07-22,Продажи,Продажа продуктов,179
2024-07-22,Маркетинг,Продажа продуктов,103
2024-07-22,IT,Аренда,-116
2024-07-22,Операции,Реклама,-65
2024-07-23,Продажи,Аренда,-57
2024-07-23,Маркетинг,Аренда,-136
2024-07-23,IT,Зарплата,-83
2024-07-23,Операции,Аренда,0
2024-07-24,Продажи,Зарплата,-115
2024-07-24,Маркетинг,Продажа продуктов,180
2024-07-24,IT,Услуги,0
2024-07-24,Операции,Зарплата,-89
2024-07-25,Продажи,Продажа продуктов,65
2024-07-25,Маркетинг,Услуги,76
2024-07-25,IT,Реклама,-123
2024-07-25,Операции,Реклама,-125
2024-07-26,Продажи,Реклама,-87
2024-07-26,Маркетинг,Услуги,65
2024-07-26,IT,Продажа продуктов,184
2024-07-26,Операции,Услуги,124
2024-07-27,Продажи,Услуги,94
2024-07-27,Маркетинг,Реклама,-58
2024-07-27,IT,Аренда,0
2024-07-27,Операции,Услуги,139
2024-07-28,Продажи,Зарплата,-104
2024-07-28,Маркетинг,Аренда,-46
2024-07-28,IT,Зарплата,-86
2024-07-28,Операции,Продажа продуктов,0
2024-07-29,Продажи,Услуги,117
2024-07-29,Маркетинг,Продажа продуктов,114
2024-07-29,IT,Услуги,106
2024-07-29,Операции,Услуги,0
2024-07-30,Продажи,Аренда,0
2024-07-30,Маркетинг,Зарплата,-56
2024-07-30,IT,Зарплата,-50
2024-07-30,Операции,Услуги,135
2024-07-31,Продажи,Услуги,190
2024-07-31,Маркетинг,Услуги,142
2024-07-31,IT,Услуги,124
2024-07-31,Операции,Услуги,0
2024-08-01,Продажи,Услуги,97
2024-08-01,Маркетинг,Услуги,125
2024-08-01,IT,Реклама,0
2024-08-01,Операции,Услуги,0
2024-08-02,Продажи,Продажа продуктов,174
2024-08-02,Маркетинг,Продажа продуктов,129
2024-08-02,IT,Продажа продуктов,155
2024-08-02,Операции,Продажа продуктов,143
2024-08-03,Продажи,Продажа продуктов,133
2024-08-03,Маркетинг,Услуги,0
2024-08-03,IT,Аренда,-121
2024-08-03,Операции,Реклама,-114
2024-08-04,Продажи,Зарплата,-84
2024-08-04,Маркетинг,Аренда,0
2024-08-04,IT,Аренда,0
2024-08-04,Операции,Реклама,-56
2024-08-05,Продажи,Аренда,-122
2024-08-05,Маркетинг,Услуги,0
2024-08-05,IT,Реклама,-120
2024-08-05,Операции,Продажа продуктов,165
2024-08-06,Продажи,Услуги,117
2024-08-06,Маркетинг,Услуги,158
2024-08-06,IT,Реклама,-104
2024-08-06,Операции,Аренда,0
2024-08-07,Продажи,Продажа продуктов,117
2024-08-07,Маркетинг,Реклама,-50
2024-08-07,IT,Продажа продуктов,158
2024-08-07,Операции,Продажа продуктов,89
2024-08-08,Продажи,Продажа продуктов,155
2024-08-08,Маркетинг,Продажа продуктов,0
2024-08-08,IT,Реклама,-75
2024-08-08,Операции,Зарплата,-44
2024-08-09,Продажи,Реклама,-53
2024-08-09,Маркетинг,Зарплата,-122
2024-08-09,IT,Продажа продуктов,83
2024-08-09,Операции,Услуги,165
2024-08-10,Продажи,Зарплата,-82
2024-08-10,Маркетинг,Аренда,-89
2024-08-10,IT,Зарплата,-69
2024-08-10,Операции,Аренда,-113
2024-08-11,Продажи,Реклама,-97
2024-08-11,Маркетинг,Реклама,-65
2024-08-11,IT,Продажа продуктов,107
2024-08-11,Операции,Аренда,-141
2024-08-12,Продажи,Зарплата,-141
2024-08-12,Маркетинг,Продажа продуктов,65
2024-08-12,IT,Аренда,-101
2024-08-12,Операции,Реклама,-71
2024-08-13,Продажи,Реклама,-38
2024-08-13,Маркетинг,Услуги,66
2024-08-13,IT,Аренда,-50
2024-08-13,Операции,Продажа продуктов,100
2024-08-14,Продажи,Услуги,0
2024-08-14,Маркетинг,Зарплата,0
2024-08-14,IT,Аренда,-86
2024-08-14,Операции,Продажа продуктов,122
2024-08-15,Продажи,Аренда,0
2024-08-15,Маркетинг,Услуги,158
2024-08-15,IT,Реклама,0
2024-08-15,Операции,Услуги,0
2024-08-16,Продажи,Продажа продуктов,127
2024-08-16,Маркетинг,Продажа продуктов,181
2024-08-16,IT,Услуги,170
2024-08-16,Операции,Продажа продуктов,76
2024-08-17,Продажи,Зарплата,-128
2024-08-17,Маркетинг,Реклама,-103
2024-08-17,IT,Услуги,51
2024-08-17,Операции,Продажа продуктов,121
2024-08-18,Продажи,Продажа продуктов,163
2024-08-18,Маркетинг,Услуги,0
2024-08-18,IT,Услуги,102
2024-08-18,Операции,Аренда,-35
2024-08-19,Продажи,Услуги,0
2024-08-19,Маркетинг,Услуги,99
2024-08-19,IT,Продажа продуктов,0
2024-08-19,Операции,Аренда,-42
2024-08-20,Продажи,Продажа продуктов,63
2024-08-20,Маркетинг,Продажа продуктов,197
2024-08-20,IT,Зарплата,-134
2024-08-20,Операции,Аренда,0
2024-08-21,Продажи,Продажа продуктов,111
2024-08-21,Маркетинг,Аренда,-78
2024-08-21,IT,Реклама,-32
2024-08-21,Операции,Зарплата,-53
2024-08-22,Продажи,Продажа продуктов,0
2024-08-22,Маркетинг,Услуги,0
2024-08-22,IT,Услуги,160
2024-08-22,Операции,Услуги,116
2024-08-23,Продажи,Продажа продуктов,145
2024-08-23,Маркетинг,Реклама,-31
2024-08-23,IT,Услуги,59
2024-08-23,Операции,Реклама,0
2024-08-24,Продажи,Услуги,147
2024-08-24,Маркетинг,Аренда,-142
2024-08-24,IT,Продажа продуктов,132
2024-08-24,Операции,Аренда,0
2024-08-25,Продажи,Услуги,194
2024-08-25,Маркетинг,Услуги,134
2024-08-25,IT,Реклама,-33
2024-08-25,Операции,Услуги,196
2024-08-26,Продажи,Продажа продуктов,90
2024-08-26,Маркетинг,Услуги,0
2024-08-26,IT,Услуги,0
2024-08-26,Операции,Зарплата,0
2024-08-27,Продажи,Продажа продуктов,110
2024-08-27,Маркетинг,Аренда,-104
2024-08-27,IT,Реклама,-39
2024-08-27,Операции,Реклама,-92
2024-08-28,Продажи,Зарплата,-131
2024-08-28,Маркетинг,Услуги,0
2024-08-28,IT,Аренда,-35
2024-08-28,Операции,Аренда,-83
2024-08-29,Продажи,Реклама,-114
2024-08-29,Маркетинг,Продажа продуктов,163
2024-08-29,IT,Услуги,67
2024-08-29,Операции,Реклама,0
2024-08-30,Продажи,Реклама,-90
2024-08-30,Маркетинг,Реклама,-30
2024-08-30,IT,Зарплата,-30
2024-08-30,Операции,Аренда,-34
2024-08-31,Продажи,Услуги,158
2024-08-31,Маркетинг,Аренда,-30
2024-08-31,IT,Зарплата,-52
2024-08-31,Операции,Услуги,101
2024-09-01,Продажи,Услуги,81
2024-09-01,Маркетинг,Услуги,155
2024-09-01,IT,Аренда,-114
2024-09-01,Операции,Аренда,-64
2024-09-02,Продажи,Продажа продуктов,136
2024-09-02,Маркетинг,Продажа продуктов,0
2024-09-02,IT,Реклама,-66
2024-09-02,Операции,Услуги,0
2024-09-03,Продажи,Аренда,-95
2024-09-03,Маркетинг,Услуги,199
2024-09-03,IT,Зарплата,-136
2024-09-03,Операции,Услуги,187
2024-09-04,Продажи,Услуги,77
2024-09-04,Маркетинг,Реклама,-147
2024-09-04,IT,Зарплата,-57
2024-09-04,Операции,Продажа продуктов,82
2024-09-05,Продажи,Услуги,147
2024-09-05,Маркетинг,Услуги,142
2024-09-05,IT,Аренда,0
2024-09-05,Операции,Зарплата,-46
2024-09-06,Продажи,Аренда,-96
2024-09-06,Маркетинг,Продажа продуктов,111
2024-09-06,IT,Аренда,-32
2024-09-06,Операции,Услуги,75
2024-09-07,Продажи,Аренда,-149
2024-09-07,Маркетинг,Зарплата,-109
2024-09-07,IT,Зарплата,-134
2024-09-07,Операции,Продажа продуктов,64
2024-09-08,Продажи,Зарплата,-86
2024-09-08,Маркетинг,Услуги,185
2024-09-08,IT,Аренда,-133
2024-09-08,Операции,Аренда,0
2024-09-09,Продажи,Аренда,-147
2024-09-09,Маркетинг,Продажа продуктов,116
2024-09-09,IT,Реклама,-84
2024-09-09,Операции,Реклама,-124
2024-09-10,Продажи,Реклама,-31
2024-09-10,Маркетинг,Реклама,-127
2024-09-10,IT,Продажа продуктов,185
2024-09-10,Операции,Услуги,111
2024-09-11,Продажи,Продажа продуктов,148
2024-09-11,Маркетинг,Продажа продуктов,0
2024-09-11,IT,Зарплата,0
2024-09-11,Операции,Реклама,-32
2024-09-12,Продажи,Услуги,0
2024-09-12,Маркетинг,Аренда,-40
2024-09-12,IT,Реклама,-86
2024-09-12,Операции,Зарплата,-123
2024-09-13,Продажи,Продажа продуктов,0
2024-09-13,Маркетинг,Услуги,164
2024-09-13,IT,Услуги,162
2024-09-13,Операции,Продажа продуктов,110
2024-09-14,Продажи,Аренда,-139
2024-09-14,Маркетинг,Услуги,123
2024-09-14,IT,Услуги,72
2024-09-14,Операции,Услуги,150
2024-09-15,Продажи,Аренда,-66
2024-09-15,Маркетинг,Аренда,-125
2024-09-15,IT,Услуги,95
2024-09-15,Операции,Зарплата,-88
2024-09-16,Продажи,Продажа продуктов,153
2024-09-16,Маркетинг,Реклама,-126
2024-09-16,IT,Реклама,-49
2024-09-16,Операции,Продажа продуктов,110
2024-09-17,Продажи,Продажа продуктов,0
2024-09-17,Маркетинг,Аренда,0
2024-09-17,IT,Реклама,-83
2024-09-17,Операции,Аренда,0
2024-09-18,Продажи,Зарплата,-78
2024-09-18,Маркетинг,Реклама,0
2024-09-18,IT,Продажа продуктов,134
2024-09-18,Операции,Аренда,-58
2024-09-19,Продажи,Зарплата,-90
2024-09-19,Маркетинг,Реклама,-116
2024-09-19,IT,Продажа продуктов,77
2024-09-19,Операции,Реклама,-50
2024-09-20,Продажи,Продажа продуктов,0
2024-09-20,Маркетинг,Зарплата,-56
2024-09-20,IT,Реклама,0
2024-09-20,Операции,Продажа продуктов,108
2024-09-21,Продажи,Услуги,0
2024-09-21,Маркетинг,Услуги,192
2024-09-21,IT,Зарплата,-76
2024-09-21,Операции,Услуги,197
2024-09-22,Продажи,Реклама,-72
2024-09-22,Маркетинг,Зарплата,-67
2024-09-22,IT,Зарплата,0
2024-09-22,Операции,Услуги,115
2024-09-23,Продажи,Услуги,157
2024-09-23,Маркетинг,Аренда,-69
2024-09-23,IT,Услуги,165
2024-09-23,Операции,Продажа продуктов,56
2024-09-24,Продажи,Услуги,137
2024-09-24,Маркетинг,Реклама,-113
2024-09-24,IT,Продажа продуктов,168
2024-09-24,Операции,Продажа продуктов,159
2024-09-25,Продажи,Реклама,-41
2024-09-25,Маркетинг,Услуги,196
2024-09-25,IT,Продажа продуктов,0
2024-09-25,Операции,Зарплата,-131
2024-09-26,Продажи,Реклама,-130
2024-09-26,Маркетинг,Продажа продуктов,0
2024-09-26,IT,Реклама,-133
2024-09-26,Операции,Продажа продуктов,0
2024-09-27,Продажи,Услуги,98
2024-09-27,Маркетинг,Аренда,-55
2024-09-27,IT,Зарплата,0
2024-09-27,Операции,Зарплата,-60
2024-09-28,Продажи,Услуги,59
2024-09-28,Маркетинг,Реклама,-73
2024-09-28,IT,Аренда,-94
2024-09-28,Операции,Аренда,0
2024-09-29,Продажи,Аренда,-51
2024-09-29,Маркетинг,Продажа продуктов,194
2024-09-29,IT,Реклама,-148
2024-09-29,Операции,Продажа продуктов,89
2024-09-30,Продажи,Зарплата,-106
2024-09-30,Маркетинг,Зарплата,-112
2024-09-30,IT,Зарплата,-45
2024-09-30,Операции,Аренда,0
2024-10-01,Продажи,Аренда,0
2024-10-01,Маркетинг,Продажа продуктов,139
2024-10-01,IT,Реклама,-101
2024-10-01,Операции,Услуги,0
2024-10-02,Продажи,Реклама,-138
2024-10-02,Маркетинг,Услуги,121
2024-10-02,IT,Услуги,148
2024-10-02,Операции,Услуги,108
2024-10-03,Продажи,Услуги,101
2024-10-03,Маркетинг,Зарплата,-114
2024-10-03,IT,Зарплата,0
2024-10-03,Операции,Услуги,69
2024-10-04,Продажи,Аренда,-30
2024-10-04,Маркетинг,Зарплата,-101
2024-10-04,IT,Зарплата,-101
2024-10-04,Операции,Реклама,-42
2024-10-05,Продажи,Аренда,0
2024-10-05,Маркетинг,Зарплата,-46
2024-10-05,IT,Услуги,143
2024-10-05,Операции,Услуги,0
2024-10-06,Продажи,Продажа продуктов,165
2024-10-06,Маркетинг,Реклама,0
2024-10-06,IT,Аренда,-86
2024-10-06,Операции,Продажа продуктов,0
2024-10-07,Продажи,Аренда,0
2024-10-07,Маркетинг,Услуги,185
2024-10-07,IT,Аренда,-136
2024-10-07,Операции,Реклама,0
2024-10-08,Продажи,Услуги,134
2024-10-08,Маркетинг,Услуги,0
2024-10-08,IT,Услуги,164
2024-10-08,Операции,Реклама,-95
2024-10-09,Продажи,Услуги,66
2024-10-09,Маркетинг,Зарплата,-67
2024-10-09,IT,Услуги,92
2024-10-09,Операции,Зарплата,-61
2024-10-10,Продажи,Зарплата,-112
2024-10-10,Маркетинг,Реклама,-57
2024-10-10,IT,Аренда,-92
2024-10-10,Операции,Услуги,0
2024-10-11,Продажи,Реклама,-45
2024-10-11,Маркетинг,Реклама,-43
2024-10-11,IT,Продажа продуктов,167
2024-10-11,Операции,Услуги,153
2024-10-12,Продажи,Продажа продуктов,0
2024-10-12,Маркетинг,Аренда,-82
2024-10-12,IT,Продажа продуктов,144
2024-10-12,Операции,Услуги,136
2024-10-13,Продажи,Зарплата,-118
2024-10-13,Маркетинг,Продажа продуктов,133
2024-10-13,IT,Зарплата,0
2024-10-13,Операции,Услуги,159
2024-10-14,Продажи,Аренда,0
2024-10-14,Маркетинг,Продажа продуктов,156
2024-10-14,IT,Услуги,140
2024-10-14,Операции,Услуги,153
2024-10-15,Продажи,Услуги,187
2024-10-15,Маркетинг,Реклама,-104
2024-10-15,IT,Аренда,-82
2024-10-15,Операции,Аренда,-131
2024-10-16,Продажи,Зарплата,-94
2024-10-16,Маркетинг,Продажа продуктов,0
2024-10-16,IT,Реклама,-101
2024-10-16,Операции,Услуги,171
2024-10-17,Продажи,Зарплата,-114
2024-10-17,Маркетинг,Реклама,0
2024-10-17,IT,Услуги,89
2024-10-17,Операции,Продажа продуктов,198
2024-10-18,Продажи,Реклама,-138
2024-10-18,Маркетинг,Аренда,-46
2024-10-18,IT,Зарплата,-110
2024-10-18,Операции,Продажа продуктов,0
2024-10-19,Продажи,Реклама,-83
2024-10-19,Маркетинг,Продажа продуктов,0
2024-10-19,IT,Продажа продуктов,75
2024-10-19,Операции,Зарплата,-99
2024-10-20,Продажи,Услуги,66
2024-10-20,Маркетинг,Продажа продуктов,177
2024-10-20,IT,Продажа продуктов,130
2024-10-20,Операции,Реклама,-61
2024-10-21,Продажи,Аренда,-46
2024-10-21,Маркетинг,Продажа продуктов,81
2024-10-21,IT,Услуги,191
2024-10-21,Операции,Зарплата,-97
2024-10-22,Продажи,Зарплата,-33
2024-10-22,Маркетинг,Аренда,-95
2024-10-22,IT,Реклама,-72
2024-10-22,Операции,Зарплата,0
2024-10-23,Продажи,Реклама,-135
2024-10-23,Маркетинг,Зарплата,-103
2024-10-23,IT,Аренда,-122
2024-10-23,Операции,Зарплата,-74
2024-10-24,Продажи,Зарплата,0
2024-10-24,Маркетинг,Услуги,81
2024-10-24,IT,Зарплата,-125
2024-10-24,Операции,Услуги,161
2024-10-25,Продажи,Услуги,188
2024-10-25,Маркетинг,Продажа продуктов,130
2024-10-25,IT,Зарплата,-149
2024-10-25,Операции,Услуги,199
2024-10-26,Продажи,Реклама,0
2024-10-26,Маркетинг,Продажа продуктов,63
2024-10-26,IT,Аренда,0
2024-10-26,Операции,Продажа продуктов,118
2024-10-27,Продажи,Услуги,0
2024-10-27,Маркетинг,Реклама,-54
2024-10-27,IT,Услуги,107
2024-10-27,Операции,Продажа продуктов,0
2024-10-28,Продажи,Зарплата,-128
2024-10-28,Маркетинг,Услуги,0
2024-10-28,IT,Зарплата,0
2024-10-28,Операции,Продажа продуктов,124
2024-10-29,Продажи,Реклама,-146
2024-10-29,Маркетинг,Продажа продуктов,157
2024-10-29,IT,Зарплата,-105
2024-10-29,Операции,Услуги,0
2024-10-30,Продажи,Продажа продуктов,121
2024-10-30,Маркетинг,Зарплата,0
2024-10-30,IT,Зарплата,-72
2024-10-30,Операции,Аренда,-37
2024-10-31,Продажи,Зарплата,-122
2024-10-31,Маркетинг,Реклама,-45
2024-10-31,IT,Услуги,173
2024-10-31,Операции,Продажа продуктов,68
2024-11-01,Продажи,Аренда,-56
2024-11-01,Маркетинг,Продажа продуктов,119
2024-11-01,IT,Зарплата,-98
2024-11-01,Операции,Продажа продуктов,0
2024-11-02,Продажи,Продажа продуктов,149
2024-11-02,Маркетинг,Услуги,122
2024-11-02,IT,Зарплата,-145
2024-11-02,Операции,Продажа продуктов,81
2024-11-03,Маркетинг,Продажа продуктов,0
2024-11-03,IT,Услуги,144
2024-11-03,Операции,Услуги,177
2024-11-04,Продажи,Продажа продуктов,132
2024-11-04,Маркетинг,Продажа продуктов,165
2024-11-04,IT,Услуги,66
2024-11-04,Операции,Продажа продуктов,156
2024-11-05,Продажи,Аренда,-33
2024-11-05,Маркетинг,Услуги,144
2024-11-05,IT,Аренда,-76
2024-11-05,Операции,Услуги,155
2024-11-06,Продажи,Зарплата,-104
2024-11-06,Маркетинг,Продажа продуктов,0
2024-11-06,IT,Услуги,98
2024-11-06,Операции,Услуги,133
2024-11-07,Продажи,Продажа продуктов,59
2024-11-07,Маркетинг,Аренда,-149
2024-11-07,IT,Аренда,0
2024-11-07,Операции,Услуги,0
2024-11-08,Продажи,Услуги,138
2024-11-08,Маркетинг,Зарплата,-102
2024-11-08,IT,Услуги,69
2024-11-08,Операции,Продажа продуктов,173
2024-11-09,Продажи,Зарплата,-60
2024-11-09,Операции,Продажа продуктов,0
2024-11-10,Продажи,Услуги,0
2024-11-10,Маркетинг,Продажа продуктов,71
2024-11-10,IT,Услуги,145
2024-11-10,Операции,Услуги,87
2024-11-11,Маркетинг,Услуги,189
2024-11-11,IT,Услуги,110
2024-11-11,Операции,Аренда,-70
2024-11-12,Продажи,Аренда,-138
2024-11-12,Маркетинг,Услуги,172
2024-11-12,IT,Продажа продуктов,80
2024-11-12,Операции,Услуги,81
2024-11-13,Продажи,Продажа продуктов,182
2024-11-13,Маркетинг,Аренда,-124
2024-11-13,IT,Услуги,138
2024-11-14,Продажи,Услуги,103
2024-11-14,Маркетинг,Услуги,176
2024-11-14,IT,Аренда,-95
2024-11-14,Операции,Продажа продуктов,0
2024-11-15,Продажи,Продажа продуктов,157
2024-11-15,Маркетинг,Продажа продуктов,53
2024-11-15,IT,Продажа продуктов,190
2024-11-15,Операции,Услуги,101
2024-11-16,Продажи,Продажа продуктов,91
2024-11-16,IT,Услуги,88
2024-11-17,Маркетинг,Зарплата,-75
2024-11-17,IT,Услуги,114
2024-11-17,Операции,Услуги,167
2024-11-18,Маркетинг,Услуги,159
2024-11-18,IT,Продажа продуктов,95
2024-11-18,Операции,Продажа продуктов,138
2024-11-19,Продажи,Зарплата,-33
2024-11-19,Маркетинг,Услуги,171
2024-11-19,IT,Продажа продуктов,72
2024-11-19,Операции,Продажа продуктов,75
2024-11-20,Продажи,Аренда,0
2024-11-20,Маркетинг,Аренда,-96
2024-11-20,IT,Аренда,0
2024-11-20,Операции,Продажа продуктов,151
2024-11-21,Продажи,Услуги,113
2024-11-21,Маркетинг,Услуги,130
2024-11-21,IT,Зарплата,-86
2024-11-21,Операции,Услуги,101
2024-11-22,Продажи,Зарплата,-33
2024-11-22,Маркетинг,Зарплата,-33
2024-11-22,IT,Продажа продуктов,0
2024-11-22,Операции,Зарплата,0
2024-11-23,Продажи,Услуги,170
2024-11-23,IT,Аренда,-46
2024-11-24,Маркетинг,Услуги,139
2024-11-24,IT,Продажа продуктов,176
2024-11-24,Операции,Продажа продуктов,183
2024-11-25,Продажи,Зарплата,-48
2024-11-25,Маркетинг,Продажа продуктов,79
2024-11-25,IT,Аренда,-41
2024-11-25,Операции,Аренда,0
2024-11-26,Продажи,Продажа продуктов,166
2024-11-26,Маркетинг,Продажа продуктов,67
2024-11-26,IT,Услуги,0
2024-11-26,Операции,Услуги,172
2024-11-27,Продажи,Аренда,-117
2024-11-27,Маркетинг,Услуги,74
2024-11-28,Продажи,Зарплата,-61
2024-11-28,Маркетинг,Продажа продуктов,123
2024-11-28,Операции,Зарплата,-121
2024-11-29,Продажи,Услуги,160
2024-11-29,Маркетинг,Продажа продуктов,185
2024-11-30,Продажи,Услуги,127
2024-11-30,IT,Аренда,-130
2024-11-30,Операции,Зарплата,-101
2024-12-01,Продажи,Аренда,-110
2024-12-01,Маркетинг,Услуги,0
2024-12-01,IT,Продажа продуктов,0
2024-12-01,Операции,Зарплата,0
2024-12-02,Продажи,Аренда,-121
2024-12-02,Маркетинг,Реклама,-38
2024-12-02,IT,Аренда,0
2024-12-02,Операции,Реклама,-55
2024-12-03,Продажи,Услуги,143
2024-12-03,Маркетинг,Зарплата,-111
2024-12-03,IT,Продажа продуктов,94
2024-12-03,Операции,Продажа продуктов,163
2024-12-04,Продажи,Продажа продуктов,84
2024-12-04,Маркетинг,Услуги,167
2024-12-04,IT,Аренда,-80
2024-12-04,Операции,Услуги,68
2024-12-05,Продажи,Услуги,82
2024-12-05,Маркетинг,Продажа продуктов,0
2024-12-05,IT,Услуги,176
2024-12-05,Операции,Продажа продуктов,175
2024-12-06,Продажи,Услуги,77
2024-12-06,Маркетинг,Зарплата,0
2024-12-06,IT,Продажа продуктов,75
2024-12-06,Операции,Продажа продуктов,183
2024-12-07,Продажи,Продажа продуктов,156
2024-12-07,Маркетинг,Реклама,-47
2024-12-07,IT,Аренда,-132
2024-12-07,Операции,Услуги,137
2024-12-08,Продажи,Зарплата,-36
2024-12-08,Маркетинг,Услуги,140
2024-12-08,IT,Продажа продуктов,70
2024-12-08,Операции,Продажа продуктов,136
2024-12-09,Продажи,Услуги,194
2024-12-09,Маркетинг,Зарплата,-143
2024-12-09,IT,Продажа продуктов,0
2024-12-09,Операции,Зарплата,0
2024-12-10,Продажи,Продажа продуктов,68
2024-12-10,Маркетинг,Продажа продуктов,137
2024-12-10,IT,Услуги,175
2024-12-10,Операции,Услуги,196
2024-12-11,Продажи,Услуги,122
2024-12-11,Маркетинг,Зарплата,0
2024-12-11,IT,Зарплата,-118
2024-12-11,Операции,Услуги,119
2024-12-12,Продажи,Реклама,0
2024-12-12,Маркетинг,Услуги,67
2024-12-12,IT,Аренда,0
2024-12-12,Операции,Продажа продуктов,158
2024-12-13,Продажи,Услуги,0
2024-12-13,Маркетинг,Продажа продуктов,54
2024-12-13,IT,Услуги,142
2024-12-13,Операции,Услуги,0
2024-12-14,Продажи,Продажа продуктов,0
2024-12-14,Маркетинг,Реклама,-128
2024-12-14,IT,Аренда,-41
2024-12-14,Операции,Продажа продуктов,101
2024-12-15,Продажи,Услуги,72
2024-12-15,Маркетинг,Продажа продуктов,0
2024-12-15,IT,Реклама,0
2024-12-15,Операции,Услуги,152
2024-12-16,Продажи,Продажа продуктов,148
2024-12-16,Маркетинг,Услуги,118
2024-12-16,IT,Реклама,-140
2024-12-16,Операции,Продажа продуктов,117
2024-12-17,Продажи,Реклама,0
2024-12-17,Маркетинг,Услуги,0
2024-12-17,IT,Услуги,160
2024-12-17,Операции,Услуги,129
2024-12-18,Продажи,Продажа продуктов,56
2024-12-18,Маркетинг,Продажа продуктов,55
2024-12-18,IT,Продажа продуктов,175
2024-12-18,Операции,Услуги,124
2024-12-19,Продажи,Зарплата,-57
2024-12-19,Маркетинг,Услуги,0
2024-12-19,IT,Продажа продуктов,108
2024-12-19,Операции,Услуги,108
2024-12-20,Продажи,Продажа продуктов,105
2024-12-20,Маркетинг,Продажа продуктов,153
2024-12-20,IT,Услуги,0
2024-12-20,Операции,Продажа продуктов,112
2024-12-21,Продажи,Продажа продуктов,182
2024-12-21,Маркетинг,Продажа продуктов,148
2024-12-21,IT,Продажа продуктов,110
2024-12-21,Операции,Услуги,0
2024-12-22,Продажи,Зарплата,0
2024-12-22,Маркетинг,Продажа продуктов,99
2024-12-22,IT,Реклама,-91
2024-12-22,Операции,Аренда,-61
2024-12-23,Продажи,Продажа продуктов,0
2024-12-23,Маркетинг,Зарплата,-122
2024-12-23,IT,Аренда,-148
2024-12-23,Операции,Услуги,63
2024-12-24,Продажи,Аренда,-130
2024-12-24,Маркетинг,Продажа продуктов,133
2024-12-24,IT,Продажа продуктов,65
2024-12-24,Операции,Продажа продуктов,66
2024-12-25,Продажи,Аренда,-68
2024-12-25,Маркетинг,Продажа продуктов,118
2024-12-25,IT,Реклама,-134
2024-12-25,Операции,Зарплата,0
2024-12-26,Продажи,Услуги,113
2024-12-26,Маркетинг,Продажа продуктов,159
2024-12-26,IT,Продажа продуктов,146
2024-12-26,Операции,Аренда,0
2024-12-27,Продажи,Продажа продуктов,77
2024-12-27,Маркетинг,Услуги,0
2024-12-27,IT,Зарплата,-135
2024-12-27,Операции,Услуги,67
2024-12-28,Продажи,Продажа продуктов,88
2024-12-28,Маркетинг,Услуги,79
2024-12-28,IT,Реклама,-100
2024-12-28,Операции,Услуги,119
2024-12-29,Продажи,Услуги,98
2024-12-29,Маркетинг,Аренда,-119
2024-12-29,IT,Зарплата,0
2024-12-29,Операции,Реклама,-67
2024-12-30,Продажи,Продажа продуктов,73
2024-12-30,Маркетинг,Зарплата,0
2024-12-30,IT,Зарплата,-59
2024-12-30,Операции,Услуги,0
2024-12-31,Продажи,Услуги,195
2024-12-31,Маркетинг,Зарплата,0
2024-12-31,IT,Услуги,105
2024-12-31,Операции,Зарплата,-64
